{
  "champion_model": "RandomForest",
  "benchmark": {
    "LogisticRegression": {
      "best_score_roc_auc": 0.7812874748052814,
      "best_params": {
        "classifier__C": 10
      }
    },
    "RandomForest": {
      "best_score_roc_auc": 0.8008686852696176,
      "best_params": {
        "classifier__max_depth": 5,
        "classifier__n_estimators": 100
      }
    }
  },
  "feature_importances": {
    "PARTIDO_AVANTE": 0.004230020364415256,
    "PARTIDO_CIDADANIA": 0.003753400875405825,
    "PARTIDO_DC": 0.0003904723427963457,
    "PARTIDO_DEM": 0.0009983233481188074,
    "PARTIDO_MDB": 0.0014092092576507174,
    "PARTIDO_PATRIOTA": 0.0005882759778339291,
    "PARTIDO_PCdoB": 0.0007696545882847984,
    "PARTIDO_PDT": 0.002137320026696153,
    "PARTIDO_PL": 0.0005430010716113421,
    "PARTIDO_PMN": 0.001859458806883511,
    "PARTIDO_PODE": 0.002929417369597642,
    "PARTIDO_PP": 0.0009328523309832218,
    "PARTIDO_PROS": 0.00035279838931471055,
    "PARTIDO_PRTB": 0.00029602174700205775,
    "PARTIDO_PSB": 0.0015518962375864528,
    "PARTIDO_PSC": 0.005080362020760883,
    "PARTIDO_PSD": 0.0016654118911535536,
    "PARTIDO_PSDB": 0.001768800523195399,
    "PARTIDO_PSL": 0.0016529731803859007,
    "PARTIDO_PSOL": 2.159287169748845e-05,
    "PARTIDO_PT": 0.0021356777812914624,
    "PARTIDO_PTB": 0.0028963001523011384,
    "PARTIDO_PV": 0.0013466390099885592,
    "PARTIDO_REDE": 0.0008094901574440891,
    "PARTIDO_REPUBLICANOS": 0.002372239097298426,
    "PARTIDO_SOLIDARIEDADE": 0.0007359322596951724,
    "TX_APROVACAO_5ANO": 0.4336745116095615,
    "TX_REPROVACAO_5ANO": 0.33041043535478304,
    "TX_ABANDONO_5ANO": 0.19268751135626272
  }
}